gene,value
AARS,0.052457600831985474
ABCB6,0.34680449962615967
ABCC5,-0.2199920415878296
ABCF1,0.26969215273857117
ABCF3,0.24717582762241364
ABHD4,0.16047005355358124
ABHD6,-0.5206680297851562
ABL1,0.3174084424972534
ACAA1,0.0664537101984024
ACAT2,-0.3915576636791229
ACBD3,0.16479343175888062
ACD,0.5015233159065247
ACLY,0.1767512559890747
ACOT9,1.3340651988983154
ADAM10,-0.48775267601013184
ADAT1,-0.006904423236846924
ADCK3,-0.12192434072494507
ADGRE5,1.7195103168487549
ADGRG1,0.07913753390312195
ADH5,-0.3312321901321411
ADI1,-0.30840277671813965
ADO,0.45730242133140564
ADRB2,-1.0895698070526123
AGL,-0.5159308314323425
AKAP8,0.26273423433303833
AKAP8L,-0.13154353201389313
AKR7A2,0.4482240080833435
AKT1,0.06119602918624878
ALAS1,-0.6244901418685913
ALDH7A1,0.8222869038581848
ALDOA,0.6497209072113037
ALDOC,0.3978256583213806
AMDHD2,-0.15404441952705383
ANKRD10,0.07434747368097305
ANO10,0.30269014835357666
ANXA7,-0.020284507423639297
APBB2,-0.4742490351200104
APOE,-0.6032600402832031
APP,0.07631996273994446
APPBP2,0.4679831564426422
ARFIP2,0.10905997455120087
ARHGAP1,0.23502054810523987
ARHGEF12,-0.20218680799007416
ARHGEF2,0.7847889065742493
ARID4B,-2.025393486022949
ARID5B,-0.21494202315807343
ARL4C,-0.37437695264816284
ARNT2,-0.1342225819826126
ARPP19,0.12508296966552734
ASAH1,0.29485562443733215
ASCC3,0.22640454769134521
ATF1,0.17874985933303833
ATF5,0.6822872757911682
ATF6,-0.11078740656375885
ATG3,0.2130654752254486
ATMIN,0.031312815845012665
ATP11B,-0.6407457590103149
ATP1B1,0.15827468037605286
ATP2C1,0.2902761697769165
ATP5S,0.21586108207702637
ATP6V0B,0.5451444387435913
ATP6V1D,0.39396238327026367
AURKA,-0.37166380882263184
AURKB,-0.352700412273407
AXIN1,0.4010120630264282
B4GAT1,-0.2002340853214264
BACE2,0.3261610269546509
BAD,0.4583766758441925
BAG3,0.3001692295074463
BAMBI,0.2782424986362457
BAX,-1.7925862073898315
BCL2,-0.16158843040466309
BCL7B,0.23058873414993286
BDH1,0.2961869239807129
BECN1,0.0008502863347530365
BHLHE40,0.42496293783187866
BID,-0.2875639796257019
BIRC2,0.3021334111690521
BIRC5,0.33941638469696045
BLCAP,0.37457630038261414
BLMH,0.2551462650299072
BLVRA,-0.247564435005188
BMP4,-0.6119587421417236
BNIP3,0.04031454026699066
BNIP3L,-0.1773618459701538
BPHL,-0.6625004410743713
BRCA1,-0.4145827889442444
BTK,-0.3144230842590332
BUB1B,-0.04173111915588379
BZW2,-0.37726420164108276
C2CD2,1.4916526079177856
C2CD2L,0.7719963788986206
C2CD5,-2.538991689682007
C5,-0.43642157316207886
CAB39,0.2052435576915741
CALM3,-0.5340121984481812
CALU,-0.46755945682525635
CAMSAP2,0.020846307277679443
CANT1,0.43951359391212463
CAPN1,-0.14907634258270264
CASC3,-0.2458992302417755
CASK,0.07048449665307999
CASP10,-0.08917483687400818
CASP2,0.5333994030952454
CASP3,0.19365862011909485
CASP7,0.09698218107223511
CAST,-0.059603914618492126
CAT,-0.2963219881057739
CBLB,-0.29000091552734375
CBR1,0.10761573910713196
CBR3,0.21971873939037323
CCDC85B,-0.04980289936065674
CCDC86,-0.3639218211174011
CCDC92,0.04329690337181091
CCL2,0.028342396020889282
CCNA1,-0.49450886249542236
CCNA2,0.12969648838043213
CCNB1,-0.7166388034820557
CCNB2,0.23175249993801117
CCND1,0.5593160390853882
CCND3,0.7873786687850952
CCNE2,-0.9812068939208984
CCNF,0.6486356854438782
CCNH,-0.20227555930614471
CCP110,-0.35551485419273376
CD320,0.5385000109672546
CD40,-0.20766854286193848
CD44,-0.591113269329071
CD58,-0.7054533958435059
CDC20,-0.12929587066173553
CDC25A,0.3998725414276123
CDC25B,-0.015036046504974365
CDC42,0.264693945646286
CDC45,0.4661479592323303
CDCA4,-0.26511818170547485
CDH3,-0.3157995641231537
CDK1,-0.449577271938324
CDK19,-0.16302001476287842
CDK2,-0.06325148046016693
CDK4,-0.5298416614532471
CDK5R1,-0.3468685746192932
CDK6,0.01777038350701332
CDK7,-0.6122404336929321
CDKN1A,0.4518987536430359
CDKN1B,1.1225154399871826
CDKN2A,0.33116409182548523
CEBPA,0.05166403204202652
CEBPD,-0.35289010405540466
CEBPZ,-0.016351059079170227
CENPE,0.6747773885726929
CEP57,0.023409605026245117
CERK,-0.6848429441452026
CETN3,-0.305997759103775
CFLAR,0.29253730177879333
CGRRF1,0.06896205246448517
CHAC1,-0.3116985857486725
CHEK1,-0.672486424446106
CHEK2,0.29057207703590393
CHERP,-0.13882401585578918
CHIC2,-0.3274890184402466
CHMP4A,-0.11931845545768738
CHMP6,0.1881621927022934
CHN1,-0.30194908380508423
CHP1,-0.050098396837711334
CIAPIN1,0.026335179805755615
CIRBP,0.33853939175605774
CISD1,-0.6961576342582703
CLIC4,-0.3562195897102356
CLPX,0.06056541949510574
CLSTN1,-0.3797549903392792
CLTB,0.11234080791473389
CLTC,-0.11370429396629333
CNDP2,-0.0018472671508789062
CNOT4,0.36602503061294556
CNPY3,0.3449958860874176
COASY,0.8112503290176392
COG2,-0.4277832508087158
COG4,-0.4376375377178192
COG7,-0.2333812117576599
COL1A1,0.2873225212097168
COL4A1,-0.8497616648674011
COPB2,-0.32416993379592896
COPS7A,0.39721226692199707
CORO1A,-0.5835962891578674
CPNE3,-0.3077632486820221
CPSF4,0.13341210782527924
CREB1,0.10703681409358978
CREG1,-0.21633552014827728
CRELD2,0.2835853695869446
CRK,0.005393944680690765
CRKL,-0.35341328382492065
CRTAP,-0.03502611443400383
CRYZ,0.06085176020860672
CSK,-0.06804794073104858
CSNK1A1,-0.1639997959136963
CSNK1E,0.05763903260231018
CSNK2A2,-0.04124578833580017
CSRP1,-2.6490578651428223
CTNNAL1,1.698009967803955
CTNND1,-0.44898220896720886
CTSD,-0.0020848512649536133
CTSL,0.3580651879310608
CTTN,-0.09460337460041046
CXCL2,0.18388278782367706
CXCR4,-0.1820264458656311
CYB561,0.42162030935287476
CYCS,0.23877140879631042
CYTH1,0.01413031667470932
DAG1,0.6876671314239502
DAXX,0.08400112390518188
DCK,0.07603283226490021
DCTD,-0.021691083908081055
DCUN1D4,-1.020586371421814
DDB2,0.22442510724067688
DDIT4,-0.6756245493888855
DDR1,0.05945809185504913
DDX10,1.5746105909347534
DDX42,0.7964320182800293
DECR1,0.6395280361175537
DENND2D,-0.36701202392578125
DERA,0.5379937291145325
DFFA,-0.526421844959259
DFFB,-0.14761415123939514
DHDDS,-0.32945722341537476
DHRS7,-1.543702244758606
DHX29,0.06210481375455856
DLD,0.08200624585151672
DMTF1,-0.5691362023353577
DNAJA3,0.04571631923317909
DNAJB1,-0.4557059407234192
DNAJB2,0.15066403150558472
DNAJB6,-0.2626546621322632
DNAJC15,-0.21788707375526428
DNM1,-0.2068847417831421
DNM1L,-0.43622875213623047
DNMT1,-0.07143191993236542
DNMT3A,-1.1158488988876343
DNTTIP2,-0.17573289573192596
DPH2,0.036766864359378815
DRAP1,0.46092984080314636
DSG2,-0.5133011937141418
DUSP11,-0.13549217581748962
DUSP14,-0.41804176568984985
DUSP22,0.6157306432723999
DUSP3,-1.110767126083374
DUSP4,0.11989697813987732
DUSP6,-0.11807598173618317
DYNLT3,1.085554838180542
DYRK3,0.10725948214530945
E2F2,0.06697380542755127
EAPP,-0.04462447017431259
EBNA1BP2,0.3644065260887146
EBP,0.7833114862442017
ECD,-0.13237695395946503
ECH1,-0.0427095890045166
EDEM1,-0.29707884788513184
EDN1,-0.12561899423599243
EED,0.2144346833229065
EFCAB14,-0.6495168805122375
EGF,0.16984033584594727
EGFR,0.2005326747894287
EGR1,0.18137645721435547
EIF4EBP1,-0.061657074838876724
EIF4G1,-0.6150065064430237
EIF5,-0.0986696407198906
ELAC2,0.0113288015127182
ELAVL1,-0.23554828763008118
ELOVL6,0.3324223458766937
EML3,0.19013726711273193
ENOPH1,0.4242551624774933
ENOSF1,0.11014097929000854
EPB41L2,0.6487179398536682
EPHA3,0.4613282084465027
EPHB2,-0.20490410923957825
EPN2,0.6623514890670776
EPRS,-0.09263388812541962
ERBB2,-0.3599810302257538
ERBB3,0.28638756275177
ERO1A,-0.3696216344833374
ETFB,0.22787506878376007
ETS1,-0.856561541557312
ETV1,-0.17955434322357178
EVL,0.25334614515304565
EXOSC4,-0.7697747945785522
EXT1,-0.0950278788805008
EZH2,-0.4260544180870056
FAH,-0.09497299045324326
FAIM,1.1043803691864014
FAM20B,-0.0369952917098999
FAM57A,0.262079119682312
FAM63A,0.8812081813812256
FAM69A,-0.7043628096580505
FAS,-0.024801105260849
FASTKD5,-0.2139991968870163
FAT1,0.01724657416343689
FBXL12,0.374217689037323
FBXO11,-0.3103671073913574
FBXO21,-0.022441595792770386
FBXO7,0.6377597451210022
FCHO1,-0.2585412263870239
FDFT1,0.3519894480705261
FEZ2,0.5136682987213135
FGFR2,0.171171635389328
FGFR4,0.6715928316116333
FHL2,-0.264900803565979
FIS1,0.14430296421051025
FKBP14,2.971869945526123
FKBP4,-0.16953516006469727
FOS,0.14110182225704193
FOSL1,-0.25853633880615234
FOXJ3,1.0677684545516968
FOXO3,-0.32332268357276917
FOXO4,0.2951909899711609
FPGS,0.8264044523239136
FRS2,-0.7168894410133362
FSD1,-0.08573107421398163
FUT1,-0.21677833795547485
FYN,-0.25105661153793335
FZD1,-0.2272379845380783
FZD7,0.3302075266838074
G3BP1,0.5291458964347839
GAA,0.22306564450263977
GABPB1,0.4330223798751831
GADD45A,-0.5637392997741699
GADD45B,-1.587669849395752
GALE,-0.06900107860565186
GAPDH,-0.07155650109052658
GATA2,0.34688204526901245
GATA3,-0.037154555320739746
GDPD5,0.04687464237213135
GFOD1,0.0854763388633728
GFPT1,-0.37982967495918274
GHR,0.32175275683403015
GLI2,-0.9353890419006348
GLOD4,0.4660335183143616
GLRX,-0.014250189065933228
GMNN,0.13414320349693298
GNA11,0.5759729743003845
GNA15,0.09889815747737885
GNAI1,-0.054972194135189056
GNAI2,0.020718231797218323
GNAS,-0.20263250172138214
GNB5,0.3197181522846222
GNPDA1,-0.3215952515602112
GOLT1B,-0.605095386505127
GPATCH8,-0.47514718770980835
GPC1,0.027422577142715454
GPER1,0.021667949855327606
GRB10,-0.06944593787193298
GRB7,0.21109668910503387
GRN,-0.2580421566963196
GRWD1,0.6607996225357056
GSTM2,-1.0484576225280762
GSTZ1,1.1612406969070435
GTF2A2,0.055769555270671844
GTF2E2,0.29015523195266724
GTPBP8,0.14224839210510254
H2AFV,-0.5035364627838135
HACD3,-0.8942575454711914
HADH,-0.6854884624481201
HAT1,-0.4253687262535095
HDAC2,0.26962029933929443
HDAC6,0.27962008118629456
HDGFRP3,-0.3378651440143585
HEATR1,-0.03111964464187622
HEBP1,-0.13290034234523773
HERC6,0.6396130323410034
HERPUD1,-0.052171070128679276
HES1,1.3243494033813477
HIF1A,0.0009960830211639404
HIST1H2BK,-0.6563922166824341
HIST2H2BE,-0.3676556646823883
HK1,0.30268144607543945
HLA-DMA,0.03527991473674774
HLA-DRA,0.1413041204214096
HMG20B,-1.2828686237335205
HMGA2,-0.2040615677833557
HMGCR,0.33317819237709045
HMGCS1,0.2078755497932434
HMOX1,0.009508341550827026
HN1L,0.17906087636947632
HOMER2,-0.11292988061904907
HOOK2,-0.26835840940475464
HOXA10,-0.1291886419057846
HOXA5,-0.4091184437274933
HPRT1,0.35971954464912415
HS2ST1,0.5508852005004883
HSD17B10,0.31451115012168884
HSD17B11,0.5536085367202759
HSPA1A,-0.03382301330566406
HSPA4,-0.2764204144477844
HSPA8,0.8881235718727112
HSPB1,0.16097186505794525
HSPD1,0.4396255612373352
HTATSF1,0.15892107784748077
HTRA1,-0.11927055567502975
HYOU1,-0.05802924185991287
IARS2,0.4107995629310608
ICAM1,-0.5637505054473877
ICAM3,0.3341980576515198
ICMT,-0.019794344902038574
ID2,0.10423624515533447
IDE,-0.35269466042518616
IER3,0.23117320239543915
IFNAR1,-0.8233088254928589
IFRD2,0.6331765651702881
IGF1R,0.32831478118896484
IGF2BP2,-0.4358416199684143
IGF2R,-0.37989622354507446
IGFBP3,0.18296915292739868
IGHMBP2,-0.43429529666900635
IKBKAP,-0.17701339721679688
IKBKB,0.5635548233985901
IKBKE,-0.4256279766559601
IKZF1,0.4355827569961548
IL13RA1,0.5448428392410278
IL1B,-0.30386507511138916
IL4R,-0.9247125387191772
ILK,-0.05268444865942001
INPP1,0.22884242236614227
INPP4B,-0.2106132209300995
INSIG1,-0.015571437776088715
INTS3,0.24604924023151398
IPO13,-0.64020836353302
IQGAP1,-0.6589758992195129
ISOC1,0.23739920556545258
ITFG1,-0.5635696649551392
ITGAE,0.8393740057945251
ITGB1BP1,-0.27961108088493347
ITGB5,0.4788414537906647
JADE2,-0.2707515358924866
JMJD6,0.21725884079933167
JUN,-1.1796317100524902
KAT6A,0.6759027242660522
KAT6B,1.8406747579574585
KCNK1,1.0730082988739014
KCTD5,-0.11133131384849548
KDELR2,0.2508562207221985
KDM3A,-0.19503752887248993
KDM5A,0.24107369780540466
KDM5B,-0.30676156282424927
KEAP1,0.49210718274116516
KIAA0100,0.3646509647369385
KIAA0196,-0.5394235849380493
KIAA0355,0.121268630027771
KIAA0753,-0.18125666677951813
KIAA0907,0.4685301184654236
KIAA1033,-0.03282148763537407
KIF14,0.5150977373123169
KIF1BP,0.4943779706954956
KIF20A,-1.0994778871536255
KIF2C,0.24432633817195892
KIF5C,0.4470810294151306
KIT,-0.04876323416829109
KLHDC2,0.3699154257774353
KLHL21,1.035080909729004
KLHL9,-0.3370329737663269
KTN1,-0.6287367939949036
LAGE3,0.4127228260040283
LAMA3,0.3118181824684143
LAP3,0.3113442659378052
LBR,-0.0007274001836776733
LGALS8,-0.7363094687461853
LGMN,0.0312637984752655
LIG1,0.32201236486434937
LIPA,-0.7761475443840027
LOXL1,-0.46647417545318604
LPAR2,-0.010149139910936356
LPGAT1,-0.19357287883758545
LRP10,0.040374092757701874
LRPAP1,0.5956968665122986
LRRC16A,-0.007872618734836578
LRRC41,-0.2082970142364502
LSM5,-0.056956127285957336
LSM6,0.7607500553131104
LSR,-0.21161894500255585
LYN,0.13072700798511505
LYPLA1,0.022940054535865784
LYRM1,0.2611487805843353
MACF1,-0.35841846466064453
MALT1,0.5830228924751282
MAMLD1,0.5635234117507935
MAN2B1,-0.09698648005723953
MAP2K5,-0.7925019860267639
MAP3K4,0.3385581374168396
MAP4K4,-0.2362218201160431
MAP7,0.9747780561447144
MAPK13,-0.026117365807294846
MAPK1IP1L,0.07767437398433685
MAPK9,0.2262808382511139
MAPKAPK2,-0.0585942268371582
MAPKAPK3,-0.10290518403053284
MAPKAPK5,0.3829634189605713
MAST2,0.2637328505516052
MAT2A,-0.3747014105319977
MBNL1,-0.513268232345581
MBNL2,-0.11533603072166443
MBOAT7,-1.3371570110321045
MBTPS1,-0.18898409605026245
MCM3,0.018803030252456665
MCOLN1,4.141313076019287
MCUR1,1.9546093940734863
ME2,-0.5440946817398071
MEF2C,0.373144268989563
MELK,0.20408055186271667
MEST,-0.13015033304691315
METRN,0.20636054873466492
MFSD10,0.5081804990768433
MICALL1,0.0069774724543094635
MIF,-1.7095919847488403
MKNK1,-0.648735761642456
MLEC,0.4936896860599518
MLLT11,0.3425489366054535
MMP1,-0.6171042919158936
MMP2,-0.6682141423225403
MNAT1,0.1442338079214096
MOK,0.8029876351356506
MPC2,-0.3122859597206116
MPZL1,0.5244519114494324
MRPL12,0.020567316561937332
MRPL19,0.3757019639015198
MRPS16,0.1412462294101715
MRPS2,0.17609545588493347
MSH6,0.53562331199646
MSRA,1.4985525608062744
MTA1,0.29246145486831665
MTERF3,-0.2517573833465576
MTF2,-0.0460561066865921
MTFR1,-0.21564319729804993
MTHFD2,-0.12928074598312378
MUC1,0.32416942715644836
MVP,0.3022199273109436
MYBL2,-0.22743448615074158
MYC,0.17425496876239777
MYCBP,0.3050463795661926
MYCBP2,-0.11875485628843307
MYL9,-0.48551225662231445
MYLK,-0.7442417144775391
MYO10,-0.5504655838012695
NARFL,-0.23478740453720093
NCAPD2,-0.7744957208633423
NCK1,1.1994683742523193
NCK2,0.477969229221344
NCOA3,0.14184221625328064
NENF,0.20036882162094116
NET1,0.17749813199043274
NFATC3,-0.24594223499298096
NFATC4,-0.2992126941680908
NFE2L2,0.1352485567331314
NFIL3,-0.0400862991809845
NFKB2,-0.5541685819625854
NFKBIA,-2.4043025970458984
NFKBIB,0.26649776101112366
NFKBIE,-0.0905103087425232
NGRN,0.9264988899230957
NIPSNAP1,0.5801129341125488
NISCH,-0.10826387256383896
NIT1,-0.3873879611492157
NMT1,-0.8787597417831421
NNT,-0.5082932114601135
NOL3,0.13792681694030762
NOLC1,0.1522083282470703
NOS3,-0.32521286606788635
NOSIP,0.03177942335605621
NOTCH1,0.20595160126686096
NPC1,-0.3060455918312073
NPDC1,-0.26649123430252075
NPEPL1,0.44376468658447266
NPRL2,0.6947256922721863
NR1H2,0.33135831356048584
NR2F6,-0.40769702196121216
NR3C1,-0.47172579169273376
NRAS,0.19727258384227753
NRIP1,0.5508736371994019
NSDHL,0.5692040920257568
NT5DC2,-0.3699132800102234
NUCB2,0.04607325792312622
NUDCD3,0.5258565545082092
NUDT9,-0.026965871453285217
NUP133,0.25425973534584045
NUP62,0.32327115535736084
NUP85,0.11745192110538483
NUP88,-0.09095241129398346
NUP93,0.3638225495815277
NUSAP1,-0.2595228850841522
NVL,-0.4771738648414612
ORC1,0.13694360852241516
OXA1L,-0.12764011323451996
OXCT1,0.8027386665344238
OXSR1,0.4274956285953522
P4HA2,0.2673313021659851
P4HTM,-0.23980486392974854
PACSIN3,1.28090500831604
PAF1,0.7742491960525513
PAFAH1B1,-0.6551064252853394
PAFAH1B3,0.6171902418136597
PAICS,0.07394752651453018
PAK1,-0.2465120404958725
PAK4,-0.33951079845428467
PAK6,-0.1030326783657074
PAN2,-0.38087698817253113
PAPD7,-0.713126003742218
PARP1,-0.5876147747039795
PARP2,0.3983314633369446
PAX8,-0.1482926905155182
PCBD1,0.48161935806274414
PCCB,1.803318977355957
PCK2,0.130061537027359
PCM1,0.36370623111724854
PCMT1,0.31111693382263184
PCNA,0.005643077194690704
PDGFA,0.05513179302215576
PDHX,-0.3915950357913971
PDIA5,0.056241631507873535
PDLIM1,0.9664804935455322
PDS5A,0.17522883415222168
PECR,0.4519209861755371
PEX11A,-0.43377551436424255
PFKL,0.5879321098327637
PGAM1,-0.0028257668018341064
PGM1,-0.24500082433223724
PGRMC1,0.17019608616828918
PHGDH,0.26686108112335205
PHKA1,-0.2591080665588379
PHKB,-0.30989280343055725
PHKG2,-0.12607136368751526
PIGB,-0.20880553126335144
PIH1D1,-0.21046993136405945
PIK3C2B,0.8019921779632568
PIK3C3,-0.5960208177566528
PIK3CA,-0.2213316559791565
PIK3R3,-0.48817262053489685
PIK3R4,0.6680265665054321
PIN1,-0.17818135023117065
PIP4K2B,0.03341536968946457
PKIG,-0.4034876227378845
PLA2G15,-0.012069165706634521
PLA2G4A,0.07508698105812073
PLCB3,-0.17834867537021637
PLEKHJ1,-0.40217727422714233
PLEKHM1,-0.571416437625885
PLK1,0.1607929915189743
PLOD3,0.14317569136619568
PLP2,-0.7929261922836304
PLS1,1.1123602390289307
PLSCR1,-0.21664318442344666
PLSCR3,0.06711778044700623
PMAIP1,-0.4937441349029541
PMM2,-1.3638046979904175
PNKP,0.8231678009033203
PNP,0.4773343801498413
POLB,-0.13188466429710388
POLD4,0.10331469774246216
POLE2,1.1326844692230225
POLG2,0.08439483493566513
POLR1C,-0.21470658481121063
POLR2I,0.06841409206390381
POLR2K,-0.49868878722190857
POP4,-0.32879823446273804
PPARD,-0.2304536998271942
PPARG,-0.7837080955505371
PPIC,0.7987108826637268
PPIE,0.6665269136428833
PPOX,-0.7651277780532837
PPP1R13B,-0.3827667832374573
PPP2R3C,0.6639828085899353
PPP2R5A,-0.12773670256137848
PPP2R5E,-0.3663947582244873
PRAF2,0.1705162227153778
PRCP,0.04087197780609131
PRKACA,-0.44582244753837585
PRKAG2,-0.011775076389312744
PRKCD,0.07728559523820877
PRKCH,-0.14242231845855713
PRKCQ,-0.6607903242111206
PRKX,-0.3661503195762634
PROS1,0.44638630747795105
PRPF4,-0.09906422346830368
PRR15L,-0.2091490626335144
PRR7,0.2604216933250427
PRSS23,0.30971232056617737
PRUNE,-0.2299976795911789
PSIP1,0.008175581693649292
PSMB10,0.10022148489952087
PSMB8,-1.0271310806274414
PSMD10,0.1320556104183197
PSMD2,0.7541326880455017
PSMD4,0.5301839709281921
PSMD9,-0.13823992013931274
PSME1,0.1824135184288025
PSME2,0.3572854995727539
PSMF1,0.12291103601455688
PSMG1,0.22586171329021454
PSRC1,-0.0991949737071991
PTGS2,0.43044257164001465
PTK2,-0.2745993435382843
PTK2B,-0.4600943326950073
PTPN1,0.25784504413604736
PTPN12,0.13099150359630585
PTPN6,0.48503950238227844
PTPRC,-0.5184829235076904
PTPRF,-0.33303073048591614
PTPRK,-0.3967892825603485
PUF60,0.12405522167682648
PWP1,0.2360668182373047
PXMP2,0.4359288513660431
PXN,-0.10722729563713074
PYCR1,0.313790500164032
PYGL,-0.5011316537857056
RAB11FIP2,-0.2379380315542221
RAB21,-0.33979517221450806
RAB27A,-0.5055915713310242
RAB31,0.2992827892303467
RAB4A,-0.16210079193115234
RAC2,0.13342390954494476
RAD51C,-0.04446062818169594
RAD9A,0.48370593786239624
RAE1,0.4201775789260864
RAI14,-0.3995859622955322
RALA,-0.002884950488805771
RALB,-0.06679657846689224
RALGDS,-0.3705056309700012
RAP1GAP,0.4410308003425598
RASA1,0.2889591455459595
RB1,-0.5331185460090637
RBKS,0.022181138396263123
RBM15B,0.11785567551851273
RBM34,0.42536771297454834
RBM6,-0.0488709956407547
REEP5,-0.06197165325284004
RELB,0.41684848070144653
RFC2,0.07704302668571472
RFC5,0.22403419017791748
RFNG,0.7395795583724976
RFX5,-0.006820559501647949
RGS2,0.7701050639152527
RHEB,-0.7876918315887451
RHOA,-0.5610686540603638
RNF167,0.8361215591430664
RNH1,-0.011503510177135468
RNMT,0.0813726857304573
RNPS1,1.073553442955017
RPA1,0.3155459761619568
RPA2,-0.5864909887313843
RPA3,0.22599032521247864
RPIA,0.42432546615600586
RPL39L,-0.07322803139686584
RPN1,0.9844465851783752
RPP38,0.44415903091430664
RPS5,-0.059611961245536804
RPS6,-0.20024240016937256
RPS6KA1,0.5029205083847046
RRAGA,0.0711769387125969
RRP12,0.7828812003135681
RRP1B,0.2106429785490036
RRP8,0.5860457420349121
RRS1,0.48321372270584106
RSU1,-0.7402745485305786
RTN2,-0.1269059181213379
RUVBL1,0.15676632523536682
S100A13,0.22420276701450348
S100A4,-0.260599821805954
SACM1L,0.10229954123497009
SATB1,-0.16730162501335144
SCAND1,-0.05898565053939819
SCARB1,-0.26239851117134094
SCCPDH,0.11282196640968323
SCP2,0.24271655082702637
SCRN1,0.08753091096878052
SCYL3,1.09420645236969
SDHB,0.11706899106502533
SENP6,0.18164104223251343
SERPINE1,-0.6041786670684814
SESN1,-0.3466097414493561
SFN,0.36871907114982605
SGCB,0.2588104009628296
SH3BP5,0.26970404386520386
SHB,-0.36227041482925415
SHC1,0.003789447247982025
SIRT3,-0.3868911564350128
SKIV2L,0.17404116690158844
SKP1,0.14054879546165466
SLC11A2,-0.6370221972465515
SLC1A4,0.4188803732395172
SLC25A13,1.2071056365966797
SLC25A14,0.16143329441547394
SLC25A4,-0.14126841723918915
SLC25A46,1.7337921857833862
SLC27A3,-0.7469244599342346
SLC2A6,-0.22306734323501587
SLC35A1,0.08515443652868271
SLC35A3,-0.35264459252357483
SLC35B1,0.28317004442214966
SLC35F2,0.36269181966781616
SLC37A4,0.27736228704452515
SLC5A6,-0.41915684938430786
SMAD3,0.45337527990341187
SMARCA4,0.3626790940761566
SMARCC1,0.3939417004585266
SMARCD2,0.25354430079460144
SMC1A,-0.25989556312561035
SMC3,-0.04674607515335083
SMC4,0.5010332465171814
SMNDC1,-0.270977258682251
SNAP25,-0.38294023275375366
SNCA,-0.461209774017334
SNX11,-0.03533628582954407
SNX13,-0.4794333875179291
SNX6,0.031758762896060944
SNX7,-0.25993049144744873
SOCS2,0.3204617202281952
SORBS3,0.6525448560714722
SOX2,-0.4288460612297058
SOX4,0.09143148362636566
SPAG4,0.2732027769088745
SPAG7,-0.19488225877285004
SPDEF,-0.2861487567424774
SPEN,-0.2640771269798279
SPP1,-0.5867226123809814
SPR,0.5408164262771606
SPRED2,-0.17264249920845032
SPTAN1,0.5726013779640198
SPTLC2,0.16375228762626648
SQRDL,-0.41545528173446655
SQSTM1,-0.512412428855896
SRC,1.0408365726470947
SSBP2,0.295923113822937
ST3GAL5,-0.17147773504257202
ST6GALNAC2,-0.31007957458496094
ST7,0.6896695494651794
STAMBP,-0.19934600591659546
STAP2,0.25799649953842163
STAT1,-0.22732558846473694
STAT3,0.4444381594657898
STAT5B,-0.17091700434684753
STK10,1.5538240671157837
STK25,0.5907974243164062
STMN1,-0.3786541223526001
STUB1,0.06157751753926277
STX1A,0.8696513175964355
STX4,-0.8433663249015808
STXBP1,0.3682034909725189
STXBP2,-0.5669416189193726
SUPV3L1,0.07276993989944458
SUV39H1,2.776181221008301
SUZ12,0.16813179850578308
SYK,-0.15297001600265503
SYNE2,0.3090295195579529
SYNGR3,-0.39086484909057617
SYPL1,-0.041103944182395935
TARBP1,-1.3784539699554443
TATDN2,0.35416796803474426
TBC1D31,-0.13646848499774933
TBC1D9B,-0.07736136019229889
TBP,0.24604706466197968
TBPL1,0.9132496118545532
TBX2,0.03489292412996292
TBXA2R,0.744576096534729
TCEA2,0.23113775253295898
TCEAL4,-0.06509386748075485
TCERG1,-0.11858025193214417
TCFL5,-0.12887513637542725
TCTA,0.7819251418113708
TCTN1,-0.22574162483215332
TERF2IP,0.4286957383155823
TERT,0.11327563226222992
TES,-0.8891045451164246
TESK1,-0.18580412864685059
TEX10,0.15809808671474457
TFAP2A,-0.35647809505462646
TFDP1,0.41199126839637756
TGFB3,-0.49574968218803406
TGFBR2,1.0201729536056519
THAP11,-0.31346362829208374
TIAM1,0.36921578645706177
TICAM1,-0.4423404335975647
TIMELESS,-0.5249367952346802
TIMM17B,0.18096420168876648
TIMM22,0.8945646286010742
TIMM9,-0.0808148980140686
TIMP2,-0.38297656178474426
TIPARP,-0.5314520597457886
TJP1,0.019145578145980835
TLE1,0.25204649567604065
TLK2,-0.10541734099388123
TLR4,-1.0805634260177612
TM9SF2,0.4177502393722534
TM9SF3,-0.16996979713439941
TMCO1,-0.2941502332687378
TMED10,-0.03704822063446045
TMEM109,0.5514965653419495
TMEM110,-0.2429782897233963
TMEM2,0.14790794253349304
TMEM5,0.8708127737045288
TMEM50A,0.07545490562915802
TMEM97,0.7335500717163086
TNFRSF21,-0.4748305082321167
TNIP1,0.38646388053894043
TOMM34,0.5150407552719116
TOMM70A,-0.1947694718837738
TOP2A,0.2778410315513611
TOPBP1,-0.1902758777141571
TOR1A,0.2001279890537262
TP53,0.03393569588661194
TP53BP1,0.11156123876571655
TP53BP2,-0.4570126235485077
TPD52L2,0.4655107855796814
TPM1,0.3087388575077057
TRAK2,0.9163349866867065
TRAM2,-0.0021727681159973145
TRAP1,0.4724695086479187
TRAPPC3,0.2946886420249939
TRAPPC6A,-0.5481389760971069
TRIB1,-0.3042309880256653
TRIB3,-0.4873579144477844
TRIM13,-0.5139419436454773
TRIM2,-0.4364964962005615
TSC22D3,-0.20071500539779663
TSEN2,1.532233715057373
TSKU,-0.0927136093378067
TSPAN3,0.26775529980659485
TSPAN4,-2.900761842727661
TSPAN6,-0.22209227085113525
TSTA3,-0.06469652056694031
TUBB6,-0.26566916704177856
TWF2,-0.465032160282135
TXLNA,0.4297552704811096
TXNDC9,1.3887102603912354
TXNL4B,0.3957444131374359
TXNRD1,0.01117485761642456
UBE2A,0.38054919242858887
UBE2C,-0.32605209946632385
UBE2J1,-0.3405224084854126
UBE2L6,-0.19182343780994415
UBE3B,0.8100445866584778
UBE3C,0.6470531225204468
UBQLN2,1.9492895603179932
UBR7,0.8567765951156616
UFM1,-0.5498224496841431
UGDH,-0.5961543321609497
USP1,0.08343140780925751
USP14,-0.2216796875
USP22,0.25828462839126587
USP6NL,-0.05827374756336212
USP7,0.3842777609825134
UTP14A,0.49885109066963196
VAPB,-0.34327682852745056
VAT1,-0.35213521122932434
VAV3,-0.11328291893005371
VDAC1,0.25501129031181335
VGLL4,0.35375386476516724
VPS28,-0.20835010707378387
VPS72,-0.09977928549051285
WASF3,1.7184606790542603
WDR61,-0.579283595085144
WDR7,-0.2678353190422058
WDTC1,0.059599146246910095
WFS1,0.8451562523841858
WIPF2,0.26924335956573486
WRB,0.16398604214191437
XBP1,-0.05634099245071411
XPNPEP1,0.6643553972244263
XPO7,-0.21216867864131927
YKT6,0.47477537393569946
YME1L1,-0.28817087411880493
YTHDF1,0.5975856184959412
ZDHHC6,-0.1593814194202423
ZFP36,-0.8507876396179199
ZMIZ1,-0.35516852140426636
ZMYM2,0.15337620675563812
ZNF131,0.037483058869838715
ZNF274,0.30906403064727783
ZNF318,0.452975869178772
ZNF395,-0.16381171345710754
ZNF451,-0.18837112188339233
ZNF586,2.843693971633911
ZNF589,-0.19313037395477295
ZW10,0.030567537993192673
