gene	value
AARS	3.8807694911956787
ABCB6	0.4214995205402374
ABCC5	0.07232795655727386
ABCF1	-0.518875241279602
ABCF3	0.24855110049247742
ABHD4	4.898705005645752
ABHD6	1.6246907711029053
ABL1	0.23171955347061157
ACAA1	0.43716755509376526
ACAT2	0.8294018507003784
ACBD3	4.569408893585205
ACD	-0.529597818851471
ACLY	0.44398126006126404
ACOT9	-0.6923174858093262
ADAM10	2.0267131328582764
ADAT1	0.5298380255699158
ADCK3	-0.5820029377937317
ADGRE5	1.2833545207977295
ADGRG1	1.7945212125778198
ADH5	-0.9292525053024292
ADI1	-1.4724526405334473
ADO	0.5464965105056763
ADRB2	-1.412229299545288
AGL	0.0822756290435791
AKAP8	-0.5563259124755859
AKAP8L	3.2667417526245117
AKR7A2	-2.0551815032958984
AKT1	-4.4555344581604
ALAS1	2.429227828979492
ALDH7A1	0.02579188346862793
ALDOA	-1.325985312461853
ALDOC	3.3134899139404297
AMDHD2	-1.0640931129455566
ANKRD10	0.9131509065628052
ANO10	0.28696924448013306
ANXA7	0.3663342595100403
APBB2	0.3519400954246521
APOE	1.712863564491272
APP	0.6286942958831787
APPBP2	1.6796331405639648
ARFIP2	0.9262014627456665
ARHGAP1	-2.9210472106933594
ARHGEF12	-0.10005341470241547
ARHGEF2	8.287338256835938
ARID4B	1.178030014038086
ARID5B	0.14809763431549072
ARL4C	0.03265497088432312
ARNT2	-0.13973593711853027
ARPP19	1.135079264640808
ASAH1	1.483864665031433
ASCC3	1.488996148109436
ATF1	0.3698585629463196
ATF5	-1.6170322895050049
ATF6	3.848855972290039
ATG3	-0.6545164585113525
ATMIN	-1.7757692337036133
ATP11B	0.26028162240982056
ATP1B1	-0.42095062136650085
ATP2C1	0.8377112150192261
ATP5S	1.3208506107330322
ATP6V0B	-0.11321637779474258
ATP6V1D	0.3780587911605835
AURKA	-1.8602161407470703
AURKB	-3.675142765045166
AXIN1	0.666283905506134
B4GAT1	-5.012766361236572
BACE2	-0.45742231607437134
BAD	-2.1828384399414062
BAG3	-6.082919120788574
BAMBI	-0.4625406861305237
BAX	-0.5477638244628906
BCL2	-1.600142240524292
BCL7B	2.260192394256592
BDH1	-2.720400333404541
BECN1	0.14798936247825623
BHLHE40	6.342038631439209
BID	-2.925693988800049
BIRC2	2.2415850162506104
BIRC5	-6.567100524902344
BLCAP	-0.5172539949417114
BLMH	-1.1230037212371826
BLVRA	0.9942981600761414
BMP4	-0.5943119525909424
BNIP3	0.12496992945671082
BNIP3L	2.4437243938446045
BPHL	-2.905606985092163
BRCA1	-1.9804774522781372
BTK	0.3673807680606842
BUB1B	-0.6914247274398804
BZW2	0.12010656297206879
C2CD2	0.014452576637268066
C2CD2L	0.20874646306037903
C2CD5	-0.612756609916687
C5	-0.5577621459960938
CAB39	-0.6960263252258301
CALM3	-1.3682539463043213
CALU	2.193840980529785
CAMSAP2	0.29674139618873596
CANT1	-1.4134588241577148
CAPN1	-0.8373046517372131
CASC3	1.8552777767181396
CASK	2.343381881713867
CASP10	0.30546608567237854
CASP2	-0.894921600818634
CASP3	2.239058256149292
CASP7	-0.9205352067947388
CAST	0.7895691394805908
CAT	0.06819218397140503
CBLB	1.3530466556549072
CBR1	-3.9356236457824707
CBR3	0.15871502459049225
CCDC85B	-2.571446418762207
CCDC86	-5.166163444519043
CCDC92	2.772778034210205
CCL2	-0.26424115896224976
CCNA1	2.4834179878234863
CCNA2	-4.63926887512207
CCNB1	-2.1077280044555664
CCNB2	-2.1497066020965576
CCND1	-2.8139772415161133
CCND3	-2.270618438720703
CCNE2	-1.4326727390289307
CCNF	-2.0799295902252197
CCNH	0.15028923749923706
CCP110	-0.3120468854904175
CD320	0.8683568239212036
CD40	0.4130554497241974
CD44	0.11302601546049118
CD58	-0.6222496032714844
CDC20	-3.0855672359466553
CDC25A	-4.767526626586914
CDC25B	-0.237369567155838
CDC42	-3.587968349456787
CDC45	-7.414937496185303
CDCA4	-1.672947883605957
CDH3	-1.853317141532898
CDK1	-4.638401508331299
CDK19	1.3994505405426025
CDK2	-5.625910758972168
CDK4	-1.3844752311706543
CDK5R1	-1.3269914388656616
CDK6	-0.13720297813415527
CDK7	3.5693445205688477
CDKN1A	3.8619861602783203
CDKN1B	1.4657740592956543
CDKN2A	-1.226396083831787
CEBPA	-2.6179356575012207
CEBPD	1.1933660507202148
CEBPZ	1.0036888122558594
CENPE	-0.25813543796539307
CEP57	1.4551111459732056
CERK	2.923006534576416
CETN3	-0.05960381031036377
CFLAR	1.4687687158584595
CGRRF1	2.102186679840088
CHAC1	1.9167778491973877
CHEK1	-2.0939433574676514
CHEK2	-1.877821683883667
CHERP	-1.17363703250885
CHIC2	2.3222360610961914
CHMP4A	1.159479022026062
CHMP6	-1.8514134883880615
CHN1	-0.12010371685028076
CHP1	2.0064220428466797
CIAPIN1	2.299283504486084
CIRBP	0.068753682076931
CISD1	-0.9897639155387878
CLIC4	2.6265082359313965
CLPX	-0.40464282035827637
CLSTN1	-1.491956353187561
CLTB	-3.7618539333343506
CLTC	-0.8168507814407349
CNDP2	-0.709237277507782
CNOT4	1.9183326959609985
CNPY3	0.3188248574733734
COASY	-2.1469578742980957
COG2	0.811923623085022
COG4	-3.5258121490478516
COG7	-0.5674097537994385
COL1A1	0.14629267156124115
COL4A1	0.5580040216445923
COPB2	1.9583836793899536
COPS7A	-1.1238927841186523
CORO1A	-1.7472138404846191
CPNE3	-1.4419667720794678
CPSF4	1.2215518951416016
CREB1	2.1699094772338867
CREG1	-0.23780646920204163
CRELD2	0.22423005104064941
CRK	-3.279879331588745
CRKL	2.4526443481445312
CRTAP	1.2429003715515137
CRYZ	-1.107112169265747
CSK	-1.3147590160369873
CSNK1A1	1.5431393384933472
CSNK1E	1.7093307971954346
CSNK2A2	2.082329511642456
CSRP1	-1.064542293548584
CTNNAL1	-1.3993185758590698
CTNND1	0.0619199275970459
CTSD	0.8057197332382202
CTSL	3.6676974296569824
CTTN	0.6553568840026855
CXCL2	0.5564946532249451
CXCR4	-0.0864037275314331
CYB561	1.2942298650741577
CYCS	-5.167165756225586
CYTH1	-0.16510730981826782
DAG1	-1.2768046855926514
DAXX	1.261289358139038
DCK	-0.3381810188293457
DCTD	-0.38487517833709717
DCUN1D4	-1.6391534805297852
DDB2	1.7398751974105835
DDIT4	8.952911376953125
DDR1	2.619311809539795
DDX10	1.3834340572357178
DDX42	1.1507959365844727
DECR1	0.05330049991607666
DENND2D	1.9601147174835205
DERA	-1.1858351230621338
DFFA	-0.9368516802787781
DFFB	0.1630949079990387
DHDDS	1.3982300758361816
DHRS7	3.356368064880371
DHX29	0.2038278877735138
DLD	-3.2691047191619873
DMTF1	3.263977289199829
DNAJA3	-0.41229575872421265
DNAJB1	-0.03261154890060425
DNAJB2	0.5056679248809814
DNAJB6	-0.17060120403766632
DNAJC15	-0.39541035890579224
DNM1	-1.2848286628723145
DNM1L	-1.640340805053711
DNMT1	-2.727018117904663
DNMT3A	-0.2096807360649109
DNTTIP2	-1.181789517402649
DPH2	-1.862197756767273
DRAP1	-1.0928937196731567
DSG2	0.33876940608024597
DUSP11	0.20465415716171265
DUSP14	0.6567254066467285
DUSP22	-3.2007839679718018
DUSP3	0.6020386219024658
DUSP4	6.450566291809082
DUSP6	-0.22142615914344788
DYNLT3	-1.567106008529663
DYRK3	1.4071540832519531
E2F2	-1.9621095657348633
EAPP	-0.5428177118301392
EBNA1BP2	-0.8000468611717224
EBP	-0.402847558259964
ECD	-0.19576211273670197
ECH1	2.1480777263641357
EDEM1	4.303495407104492
EDN1	0.3339037299156189
EED	-0.6689605712890625
EFCAB14	-0.062058866024017334
EGF	-0.1725747287273407
EGFR	1.6016894578933716
EGR1	2.4244871139526367
EIF4EBP1	3.0797576904296875
EIF4G1	-1.4516825675964355
EIF5	2.248605251312256
ELAC2	-1.3969498872756958
ELAVL1	-1.5092227458953857
ELOVL6	0.544064462184906
EML3	-1.9361968040466309
ENOPH1	0.2975151240825653
ENOSF1	-0.4077480733394623
EPB41L2	-1.5643255710601807
EPHA3	-0.3817484974861145
EPHB2	-0.655595600605011
EPN2	-0.5284382700920105
EPRS	3.115877628326416
ERBB2	-1.4043940305709839
ERBB3	2.051657199859619
ERO1A	-0.855832040309906
ETFB	-2.568659782409668
ETS1	0.056268930435180664
ETV1	0.04530119150876999
EVL	-1.1521003246307373
EXOSC4	-1.5297958850860596
EXT1	-0.5800683498382568
EZH2	1.9398529529571533
FAH	-0.8861318230628967
FAIM	-0.6433676481246948
FAM20B	0.021862391382455826
FAM57A	-1.366746425628662
FAM63A	0.9622189998626709
FAM69A	0.017556577920913696
FAS	1.5855023860931396
FASTKD5	-2.19785475730896
FAT1	-0.09683476388454437
FBXL12	1.2505600452423096
FBXO11	-1.4683111906051636
FBXO21	0.04034858196973801
FBXO7	0.6945237517356873
FCHO1	-2.051347017288208
FDFT1	2.406654119491577
FEZ2	1.328079342842102
FGFR2	0.024942398071289062
FGFR4	-0.6352818012237549
FHL2	0.23617088794708252
FIS1	1.0885323286056519
FKBP14	5.8739423751831055
FKBP4	0.0743323564529419
FOS	0.5047727823257446
FOSL1	2.5361647605895996
FOXJ3	1.8896139860153198
FOXO3	3.1695594787597656
FOXO4	-0.16294416785240173
FPGS	-1.0874912738800049
FRS2	1.18687105178833
FSD1	-1.4776127338409424
FUT1	2.222507953643799
FYN	1.4386329650878906
FZD1	0.3334691524505615
FZD7	1.2110955715179443
G3BP1	-1.310948371887207
GAA	1.226089596748352
GABPB1	4.352434158325195
GADD45A	5.109724521636963
GADD45B	3.7085745334625244
GALE	-0.7222002744674683
GAPDH	-1.557407021522522
GATA2	-1.7144603729248047
GATA3	-1.248350739479065
GDPD5	-0.6489785313606262
GFOD1	0.6335340738296509
GFPT1	6.839797019958496
GHR	-0.8446803689002991
GLI2	-0.024680066853761673
GLOD4	-0.7803207635879517
GLRX	2.55015230178833
GMNN	-3.155423879623413
GNA11	0.1467234492301941
GNA15	-0.14780619740486145
GNAI1	0.9968103766441345
GNAI2	-2.248868465423584
GNAS	-0.17025908827781677
GNB5	-0.23825159668922424
GNPDA1	0.03156864643096924
GOLT1B	1.748042345046997
GPATCH8	1.8381807804107666
GPC1	-0.9911831617355347
GPER1	-1.8359920978546143
GRB10	3.84525465965271
GRB7	0.5672276020050049
GRN	-0.36158931255340576
GRWD1	-8.03990650177002
GSTM2	-0.742106020450592
GSTZ1	-1.15884268283844
GTF2A2	-1.8362500667572021
GTF2E2	0.5994755029678345
GTPBP8	0.9310279488563538
H2AFV	-0.33554747700691223
HACD3	-2.870422840118408
HADH	-3.391669273376465
HAT1	-2.688544750213623
HDAC2	-0.9999767541885376
HDAC6	3.8000268936157227
HDGFRP3	0.6837995648384094
HEATR1	0.2974795997142792
HEBP1	-0.3712291717529297
HERC6	-1.354541301727295
HERPUD1	8.784507751464844
HES1	3.315927028656006
HIF1A	1.3597043752670288
HIST1H2BK	0.9443000555038452
HIST2H2BE	3.8248605728149414
HK1	-1.456329584121704
HLA-DMA	0.9442613124847412
HLA-DRA	0.15352921187877655
HMG20B	-0.05523592233657837
HMGA2	1.0624276399612427
HMGCR	2.6386332511901855
HMGCS1	7.0112624168396
HMOX1	8.62234878540039
HN1L	-2.328526735305786
HOMER2	0.30865755677223206
HOOK2	-0.6824190020561218
HOXA10	0.5220842957496643
HOXA5	1.2472867965698242
HPRT1	-0.19807666540145874
HS2ST1	-0.2214946150779724
HSD17B10	-4.211755275726318
HSD17B11	-0.3062308430671692
HSPA1A	-2.0572257041931152
HSPA4	0.30896300077438354
HSPA8	-0.5684266090393066
HSPB1	-0.4085092842578888
HSPD1	-0.7632201910018921
HTATSF1	-0.6529149413108826
HTRA1	-1.343475580215454
HYOU1	3.582880973815918
IARS2	-2.0343074798583984
ICAM1	10
ICAM3	-2.2086386680603027
ICMT	-5.240922451019287
ID2	1.7691690921783447
IDE	-0.39463308453559875
IER3	5.567150115966797
IFNAR1	0.07126693427562714
IFRD2	-1.3341227769851685
IGF1R	0.14525455236434937
IGF2BP2	-1.2085751295089722
IGF2R	0.9915688037872314
IGFBP3	0.7538659572601318
IGHMBP2	0.028974682092666626
IKBKAP	0.5771704912185669
IKBKB	-0.35896289348602295
IKBKE	-1.0819828510284424
IKZF1	1.542138934135437
IL13RA1	-0.18100017309188843
IL1B	0.13635188341140747
IL4R	0.1458469033241272
ILK	0.1286741942167282
INPP1	4.670733451843262
INPP4B	2.011223554611206
INSIG1	2.572629928588867
INTS3	-1.9229929447174072
IPO13	-0.30632680654525757
IQGAP1	0.7296667098999023
ISOC1	-3.932096004486084
ITFG1	-0.434496134519577
ITGAE	-1.6882293224334717
ITGB1BP1	-6.9029951095581055
ITGB5	-1.2400412559509277
JADE2	-2.1870927810668945
JMJD6	1.4226036071777344
JUN	2.108206033706665
KAT6A	0.3825974464416504
KAT6B	-1.8806407451629639
KCNK1	0.401370108127594
KCTD5	1.1484360694885254
KDELR2	1.7259284257888794
KDM3A	3.8726515769958496
KDM5A	1.7399682998657227
KDM5B	2.4788806438446045
KEAP1	0.13239680230617523
KIAA0100	-2.7082879543304443
KIAA0196	-3.4366228580474854
KIAA0355	0.8707534074783325
KIAA0753	2.0616207122802734
KIAA0907	0.8342465758323669
KIAA1033	1.447947382926941
KIF14	-0.2834654152393341
KIF1BP	1.0817598104476929
KIF20A	-2.9773130416870117
KIF2C	-2.1481027603149414
KIF5C	-0.5879617929458618
KIT	0.45327284932136536
KLHDC2	0.24904802441596985
KLHL21	0.5520076751708984
KLHL9	0.35286450386047363
KTN1	1.7636682987213135
LAGE3	-5.016161918640137
LAMA3	0.5377357006072998
LAP3	-0.8507285118103027
LBR	-2.1757426261901855
LGALS8	0.7419919967651367
LGMN	0.0005729049444198608
LIG1	-6.996848106384277
LIPA	1.8037850856781006
LOXL1	-1.9746676683425903
LPAR2	-2.0996150970458984
LPGAT1	1.0961397886276245
LRP10	0.8345103859901428
LRPAP1	-2.698075771331787
LRRC16A	-0.03374028205871582
LRRC41	0.6205040216445923
LSM5	-2.4380767345428467
LSM6	-1.113399624824524
LSR	-1.515182614326477
LYN	0.12640810012817383
LYPLA1	-0.05087865889072418
LYRM1	-0.45754560828208923
MACF1	-1.5430469512939453
MALT1	-1.0615127086639404
MAMLD1	-0.07409119606018066
MAN2B1	1.1815521717071533
MAP2K5	2.9400815963745117
MAP3K4	-0.6072513461112976
MAP4K4	0.45754149556159973
MAP7	0.8624685406684875
MAPK13	-2.607102632522583
MAPK1IP1L	0.31030863523483276
MAPK9	-1.0163211822509766
MAPKAPK2	1.2164931297302246
MAPKAPK3	-0.7469182014465332
MAPKAPK5	2.3911876678466797
MAST2	-0.19726142287254333
MAT2A	-3.0460152626037598
MBNL1	0.0828501284122467
MBNL2	4.353863716125488
MBOAT7	-1.2939894199371338
MBTPS1	1.1329874992370605
MCM3	-8.944009780883789
MCOLN1	-1.846346378326416
MCUR1	-0.7907333374023438
ME2	0.5220717787742615
MEF2C	-0.07126353681087494
MELK	-4.76258659362793
MEST	0.17286743223667145
METRN	-2.451355218887329
MFSD10	-0.8943519592285156
MICALL1	1.8826384544372559
MIF	-0.8293776512145996
MKNK1	-0.43001648783683777
MLEC	0.9308854341506958
MLLT11	0.8807410001754761
MMP1	0.2731924057006836
MMP2	-0.2381574958562851
MNAT1	0.5957875847816467
MOK	0.6651843786239624
MPC2	-3.1940441131591797
MPZL1	0.5908282399177551
MRPL12	-5.083226203918457
MRPL19	-1.1191086769104004
MRPS16	-3.776435375213623
MRPS2	-3.433542251586914
MSH6	-1.6307618618011475
MSRA	-1.3593039512634277
MTA1	-0.28785645961761475
MTERF3	-3.043621301651001
MTF2	2.110927104949951
MTFR1	1.531686544418335
MTHFD2	4.382615566253662
MUC1	-0.8708353042602539
MVP	1.0721981525421143
MYBL2	-6.815420150756836
MYC	4.1072893142700195
MYCBP	-5.395793437957764
MYCBP2	0.06488673388957977
MYL9	-0.36701738834381104
MYLK	0.6189970970153809
MYO10	3.143852472305298
NARFL	-0.87058424949646
NCAPD2	-1.3170243501663208
NCK1	0.36184585094451904
NCK2	0.6985369920730591
NCOA3	1.738674521446228
NENF	-0.14688405394554138
NET1	-1.5571861267089844
NFATC3	0.33005398511886597
NFATC4	-0.47513628005981445
NFE2L2	3.8304271697998047
NFIL3	8.703022003173828
NFKB2	4.046260833740234
NFKBIA	7.344667434692383
NFKBIB	2.921386480331421
NFKBIE	1.4241981506347656
NGRN	0.0179823637008667
NIPSNAP1	-0.15297001600265503
NISCH	0.8500219583511353
NIT1	0.32820838689804077
NMT1	-0.6758003234863281
NNT	2.1537981033325195
NOL3	-2.508558750152588
NOLC1	-1.7425360679626465
NOS3	-0.5469162464141846
NOSIP	-2.726780891418457
NOTCH1	-0.7019820809364319
NPC1	3.468595027923584
NPDC1	0.06741327047348022
NPEPL1	-0.17372581362724304
NPRL2	-2.3355636596679688
NR1H2	0.09817959368228912
NR2F6	-4.664998531341553
NR3C1	0.59613037109375
NRAS	-0.16747361421585083
NRIP1	1.8280487060546875
NSDHL	1.6079998016357422
NT5DC2	-2.9006264209747314
NUCB2	5.921013832092285
NUDCD3	-1.3643207550048828
NUDT9	0.04480123519897461
NUP133	-1.9728319644927979
NUP62	-1.239013433456421
NUP85	-5.325649261474609
NUP88	-0.161858469247818
NUP93	-2.7655820846557617
NUSAP1	-2.1056032180786133
NVL	0.19092079997062683
ORC1	-0.4786752760410309
OXA1L	0.7262972593307495
OXCT1	-1.8137736320495605
OXSR1	0.29883164167404175
P4HA2	2.0520975589752197
P4HTM	-4.026309967041016
PACSIN3	-1.65167236328125
PAF1	-2.6206929683685303
PAFAH1B1	-3.2316319942474365
PAFAH1B3	-3.377857208251953
PAICS	-1.2346253395080566
PAK1	3.5087482929229736
PAK4	-2.3337631225585938
PAK6	1.5057086944580078
PAN2	0.15526461601257324
PAPD7	-0.15782637894153595
PARP1	-3.2286596298217773
PARP2	0.5932750701904297
PAX8	0.8998045921325684
PCBD1	0.19888365268707275
PCCB	-1.5066102743148804
PCK2	3.0371060371398926
PCM1	0.5837074518203735
PCMT1	-3.0899085998535156
PCNA	-7.694913387298584
PDGFA	-0.06086523458361626
PDHX	1.3157161474227905
PDIA5	2.423058032989502
PDLIM1	-0.9980849027633667
PDS5A	-0.5020807385444641
PECR	0.009877726435661316
PEX11A	-2.8635849952697754
PFKL	-1.5858333110809326
PGAM1	-3.8080644607543945
PGM1	1.379317045211792
PGRMC1	-2.7720696926116943
PHGDH	4.039301872253418
PHKA1	0.014151230454444885
PHKB	1.386918544769287
PHKG2	-1.7068097591400146
PIGB	0.5992197394371033
PIH1D1	-0.7661839723587036
PIK3C2B	-3.329167127609253
PIK3C3	0.5345832109451294
PIK3CA	1.0074137449264526
PIK3R3	2.6336045265197754
PIK3R4	-3.722724437713623
PIN1	-0.7411634922027588
PIP4K2B	-0.6833093166351318
PKIG	1.1835379600524902
PLA2G15	-4.379607677459717
PLA2G4A	-0.47325778007507324
PLCB3	-3.011122465133667
PLEKHJ1	-0.8252208232879639
PLEKHM1	-0.40645021200180054
PLK1	-3.3692829608917236
PLOD3	-0.2242606282234192
PLP2	1.5361270904541016
PLS1	0.15377864241600037
PLSCR1	-1.2740023136138916
PLSCR3	-0.3032076358795166
PMAIP1	4.167756080627441
PMM2	-1.4860024452209473
PNKP	3.5818216800689697
PNP	-5.157420635223389
POLB	-2.928628444671631
POLD4	1.553170919418335
POLE2	-6.1096696853637695
POLG2	0.22099174559116364
POLR1C	-1.1852535009384155
POLR2I	-2.2708287239074707
POLR2K	-1.7069281339645386
POP4	-3.9334535598754883
PPARD	0.5632143020629883
PPARG	2.0278820991516113
PPIC	-0.47345608472824097
PPIE	-1.2169314622879028
PPOX	0.35977694392204285
PPP1R13B	1.7850754261016846
PPP2R3C	1.9721572399139404
PPP2R5A	1.6628987789154053
PPP2R5E	0.5791789889335632
PRAF2	2.478189706802368
PRCP	-1.0899192094802856
PRKACA	-0.9810870885848999
PRKAG2	1.4669655561447144
PRKCD	-1.0190386772155762
PRKCH	6.798740863800049
PRKCQ	0.8010777831077576
PRKX	-0.6482686400413513
PROS1	0.8266826868057251
PRPF4	-1.3096364736557007
PRR15L	-1.789854884147644
PRR7	-1.7751047611236572
PRSS23	-0.7156516313552856
PRUNE	-0.14560499787330627
PSIP1	-1.512587070465088
PSMB10	-1.9503285884857178
PSMB8	0.45698481798171997
PSMD10	0.368098646402359
PSMD2	-3.4858627319335938
PSMD4	-0.8901935815811157
PSMD9	0.14698468148708344
PSME1	-2.675896167755127
PSME2	-4.277731895446777
PSMF1	0.9492579102516174
PSMG1	-0.5517890453338623
PSRC1	-5.123505592346191
PTGS2	0.03462325036525726
PTK2	-0.4379178285598755
PTK2B	0.8989487886428833
PTPN1	-1.144766092300415
PTPN12	3.458357334136963
PTPN6	-0.5838108062744141
PTPRC	0.4064047336578369
PTPRF	0.6820299029350281
PTPRK	0.6392782926559448
PUF60	-2.3168113231658936
PWP1	-0.3872428834438324
PXMP2	-3.4170925617218018
PXN	-0.116710364818573
PYCR1	1.7318475246429443
PYGL	0.37448084354400635
RAB11FIP2	2.670393943786621
RAB21	-0.24725449085235596
RAB27A	0.7897229790687561
RAB31	-0.41238468885421753
RAB4A	0.0599842369556427
RAC2	-0.3053138852119446
RAD51C	-0.08720511198043823
RAD9A	-0.9031180739402771
RAE1	-0.4326106309890747
RAI14	0.46634039282798767
RALA	2.2314510345458984
RALB	0.04554203152656555
RALGDS	-3.0130274295806885
RAP1GAP	3.5142908096313477
RASA1	1.805901288986206
RB1	-0.6179957389831543
RBKS	1.2220501899719238
RBM15B	0.6923564076423645
RBM34	2.279629707336426
RBM6	1.2518768310546875
REEP5	-2.5644733905792236
RELB	7.395489692687988
RFC2	-4.949258804321289
RFC5	-4.074444770812988
RFNG	0.5484669804573059
RFX5	-2.508533000946045
RGS2	-0.06575372815132141
RHEB	1.3197457790374756
RHOA	-1.1750264167785645
RNF167	-0.2430533468723297
RNH1	0.4679427146911621
RNMT	2.0367250442504883
RNPS1	0.9570858478546143
RPA1	-2.9385437965393066
RPA2	-2.5657293796539307
RPA3	-1.6767054796218872
RPIA	-1.5144834518432617
RPL39L	-0.06010964512825012
RPN1	-0.9932765960693359
RPP38	1.0951313972473145
RPS5	0.3112993836402893
RPS6	-0.0446636788547039
RPS6KA1	-1.668102741241455
RRAGA	-0.7051078081130981
RRP12	0.9149438738822937
RRP1B	-0.5126223564147949
RRP8	0.7407938838005066
RRS1	-1.218461036682129
RSU1	-0.09258401393890381
RTN2	-1.0341969728469849
RUVBL1	-5.486961841583252
S100A13	-0.7332310676574707
S100A4	-0.995811939239502
SACM1L	-1.0789084434509277
SATB1	-0.021262556314468384
SCAND1	-0.8660274744033813
SCARB1	-1.8570051193237305
SCCPDH	1.365841269493103
SCP2	-0.9835422039031982
SCRN1	0.21994349360466003
SCYL3	0.6722415685653687
SDHB	-1.7582228183746338
SENP6	2.3117763996124268
SERPINE1	0.3702172636985779
SESN1	0.6357417702674866
SFN	0.4333200752735138
SGCB	-0.9654067754745483
SH3BP5	2.296156644821167
SHB	-0.042472243309020996
SHC1	1.818758487701416
SIRT3	0.6148343086242676
SKIV2L	-0.431083083152771
SKP1	-1.8678982257843018
SLC11A2	1.3835958242416382
SLC1A4	2.788832426071167
SLC25A13	-1.4212028980255127
SLC25A14	-0.6365476250648499
SLC25A4	-0.9805594682693481
SLC25A46	0.12356460094451904
SLC27A3	0.6807398200035095
SLC2A6	-1.1389238834381104
SLC35A1	-0.6163752675056458
SLC35A3	-0.834396481513977
SLC35B1	3.3052377700805664
SLC35F2	4.141673564910889
SLC37A4	-1.28312087059021
SLC5A6	-1.0906985998153687
SMAD3	0.9107739329338074
SMARCA4	-1.1689081192016602
SMARCC1	0.7526658177375793
SMARCD2	-2.1367411613464355
SMC1A	-1.0064743757247925
SMC3	0.43921583890914917
SMC4	-2.581700563430786
SMNDC1	0.11635676771402359
SNAP25	0.633057713508606
SNCA	-0.3161722421646118
SNX11	1.413377046585083
SNX13	0.49964964389801025
SNX6	0.8039740324020386
SNX7	0.053177714347839355
SOCS2	0.23040950298309326
SORBS3	0.42969727516174316
SOX2	0.106740802526474
SOX4	2.5583314895629883
SPAG4	1.1869150400161743
SPAG7	0.7885787487030029
SPDEF	-2.7262558937072754
SPEN	-0.27158817648887634
SPP1	0.2050987184047699
SPR	-3.4553022384643555
SPRED2	1.0405529737472534
SPTAN1	-0.3159991204738617
SPTLC2	1.7640857696533203
SQRDL	1.361020803451538
SQSTM1	4.06813383102417
SRC	-0.5650669932365417
SSBP2	0.6980980038642883
ST3GAL5	4.1531782150268555
ST6GALNAC2	2.0142464637756348
ST7	-1.098526954650879
STAMBP	0.1981450915336609
STAP2	-0.3999810516834259
STAT1	-1.0121620893478394
STAT3	2.1054725646972656
STAT5B	-0.18379908800125122
STK10	0.6287336349487305
STK25	-1.2327624559402466
STMN1	-5.70477294921875
STUB1	-3.291206121444702
STX1A	0.47935229539871216
STX4	0.07347967475652695
STXBP1	3.765096664428711
STXBP2	-0.35915929079055786
SUPV3L1	-0.2658538818359375
SUV39H1	0.3118577003479004
SUZ12	-2.14274525642395
SYK	-1.8884100914001465
SYNE2	0.12267303466796875
SYNGR3	2.958284378051758
SYPL1	-0.014767974615097046
TARBP1	-1.5008553266525269
TATDN2	-1.541164755821228
TBC1D31	0.026817157864570618
TBC1D9B	0.38262996077537537
TBP	-0.9929266571998596
TBPL1	0.1335834562778473
TBX2	-0.5217179656028748
TBXA2R	0.5029507875442505
TCEA2	0.8309348821640015
TCEAL4	0.18115226924419403
TCERG1	-0.4009822607040405
TCFL5	-3.121567964553833
TCTA	-1.1059585809707642
TCTN1	0.36186257004737854
TERF2IP	4.037210464477539
TERT	-0.37554123997688293
TES	2.413429021835327
TESK1	0.002532750368118286
TEX10	0.20562075078487396
TFAP2A	0.1890670657157898
TFDP1	-4.105199813842773
TGFB3	-0.5842962265014648
TGFBR2	0.752907931804657
THAP11	-2.7680411338806152
TIAM1	-0.9309640526771545
TICAM1	-0.7518637180328369
TIMELESS	-5.126650810241699
TIMM17B	0.3934015929698944
TIMM22	-0.8447350263595581
TIMM9	1.3879168033599854
TIMP2	-1.0571471452713013
TIPARP	2.071357250213623
TJP1	0.19219918549060822
TLE1	-1.2264348268508911
TLK2	1.8980275392532349
TLR4	0.5087605714797974
TM9SF2	-0.08974719047546387
TM9SF3	1.3002665042877197
TMCO1	-1.8377022743225098
TMED10	1.170372724533081
TMEM109	-5.975996971130371
TMEM110	-0.007145509123802185
TMEM2	1.2555956840515137
TMEM5	0.24416044354438782
TMEM50A	-3.5112898349761963
TMEM97	-1.6856142282485962
TNFRSF21	0.5975209474563599
TNIP1	3.4608378410339355
TOMM34	0.8008409142494202
TOMM70A	1.5373845100402832
TOP2A	-2.5655648708343506
TOPBP1	-2.91215443611145
TOR1A	-3.206820011138916
TP53	0.9371943473815918
TP53BP1	-0.11680260300636292
TP53BP2	0.7558768391609192
TPD52L2	-1.137733817100525
TPM1	-0.6190115213394165
TRAK2	0.5999618768692017
TRAM2	-0.6476670503616333
TRAP1	-3.261870861053467
TRAPPC3	-2.3409194946289062
TRAPPC6A	1.987370491027832
TRIB1	1.994168996810913
TRIB3	2.625905752182007
TRIM13	0.8854150176048279
TRIM2	2.5782089233398438
TSC22D3	5.727224349975586
TSEN2	-0.3936102092266083
TSKU	1.6520960330963135
TSPAN3	-0.42975306510925293
TSPAN4	-2.7477967739105225
TSPAN6	-0.5680227279663086
TSTA3	-1.67014741897583
TUBB6	-4.924862861633301
TWF2	2.474776268005371
TXLNA	0.30588316917419434
TXNDC9	-0.5364111661911011
TXNL4B	1.2740954160690308
TXNRD1	2.8498363494873047
UBE2A	-1.3381123542785645
UBE2C	-2.792957305908203
UBE2J1	0.8150646686553955
UBE2L6	1.2946234941482544
UBE3B	-0.00735899806022644
UBE3C	-0.2857690155506134
UBQLN2	2.0984649658203125
UBR7	-1.623352289199829
UFM1	2.5851824283599854
UGDH	-0.643154501914978
USP1	-0.4105290472507477
USP14	0.03295411169528961
USP22	0.13747864961624146
USP6NL	1.6750743389129639
USP7	-1.023179292678833
UTP14A	0.49761611223220825
VAPB	0.4715171456336975
VAT1	3.033998966217041
VAV3	2.079801082611084
VDAC1	-1.2175880670547485
VGLL4	1.7017297744750977
VPS28	2.786522388458252
VPS72	-0.43407928943634033
WASF3	-0.38286542892456055
WDR61	-1.8897250890731812
WDR7	0.07658812403678894
WDTC1	-0.591672420501709
WFS1	1.9638217687606812
WIPF2	1.2223268747329712
WRB	-1.1831276416778564
XBP1	0.41056352853775024
XPNPEP1	-0.5335432291030884
XPO7	-0.3006775379180908
YKT6	-0.7484802603721619
YME1L1	6.874934196472168
YTHDF1	-0.0635426789522171
ZDHHC6	-3.9034085273742676
ZFP36	4.802119255065918
ZMIZ1	-0.621898889541626
ZMYM2	1.8508614301681519
ZNF131	1.3562171459197998
ZNF274	1.7415778636932373
ZNF318	1.2024662494659424
ZNF395	-0.32067590951919556
ZNF451	3.7618508338928223
ZNF586	0.7810091972351074
ZNF589	-0.13990944623947144
ZW10	-0.2122940719127655
